virus strain	virus type	virus clone	virus genetic group	virus passage history	virus collection date	serum strain	serum passage history	serum ferret number	serum genetic group	titer
A/Stockholm/6/2014	reference	na	3c.3a	SIAT1/SIAT3	2017.11.20	A/Stockholm/6/2014	SIAT	F14/14*1	3C.3a	320
A/Stockholm/6/2014	reference	na	3c.3a	SIAT1/SIAT3	2017.11.20	A/Hong Kong/5738/2014	MDCK	F30/14*1	3C.2a	160
A/Stockholm/6/2014	reference	na	3c.3a	SIAT1/SIAT3	2017.11.20	A/Switzerland/8060/2017 	Egg	F27/18*1	3C.2a2	160
A/Hong Kong/5738/2014	reference	na	3c.2a	MDCK1/MDCK2/SIAT1	2017.11.16	A/Stockholm/6/2014	SIAT	F14/14*1	3C.3a	160
A/Hong Kong/5738/2014	reference	na	3c.2a	MDCK1/MDCK2/SIAT1	2017.11.16	A/Hong Kong/5738/2014	MDCK	F30/14*1	3C.2a	160
A/Hong Kong/5738/2014	reference	na	3c.2a	MDCK1/MDCK2/SIAT1	2017.11.16	A/Switzerland/8060/2017 	Egg	F27/18*1	3C.2a2	160
A/Switzerland/8060/2017 	reference	57	3c.2a2	E7	2018.08.13	A/Stockholm/6/2014	SIAT	F14/14*1	3C.3a	40
A/Switzerland/8060/2017 	reference	57	3c.2a2	E7	2018.08.13	A/Hong Kong/5738/2014	MDCK	F30/14*1	3C.2a	160
A/Switzerland/8060/2017 	reference	57	3c.2a2	E7	2018.08.13	A/Switzerland/8060/2017 	Egg	F27/18*1	3C.2a2	2560
A/Kansas/14/2017	test	na	p85	E7/E1	2017.12.14	A/Stockholm/6/2014	SIAT	F14/14*1	3C.3a	40
A/Kansas/14/2017	test	na	p85	E7/E1	2017.12.14	A/Hong Kong/5738/2014	MDCK	F30/14*1	3C.2a	na
A/Kansas/14/2017	test	na	p85	E7/E1	2017.12.14	A/Switzerland/8060/2017 	Egg	F27/18*1	3C.2a2	40
A/Seoul/1287/2018	test	na	p85	MDCK2/MDCK1	2018.03.05	A/Stockholm/6/2014	SIAT	F14/14*1	3C.3a	320
A/Seoul/1287/2018	test	na	p85	MDCK2/MDCK1	2018.03.05	A/Hong Kong/5738/2014	MDCK	F30/14*1	3C.2a	160
A/Seoul/1287/2018	test	na	p85	MDCK2/MDCK1	2018.03.05	A/Switzerland/8060/2017 	Egg	F27/18*1	3C.2a2	160
A/South Africa/R10418/2018	test	na	p86	MDCK1/SIAT2	2018.07.09	A/Stockholm/6/2014	SIAT	F14/14*1	3C.3a	80
A/South Africa/R10418/2018	test	na	p86	MDCK1/SIAT2	2018.07.09	A/Hong Kong/5738/2014	MDCK	F30/14*1	3C.2a	160
A/South Africa/R10418/2018	test	na	p86	MDCK1/SIAT2	2018.07.09	A/Switzerland/8060/2017 	Egg	F27/18*1	3C.2a2	320